,purpose,avg_rate
0,car,13.617478900612486
1,credit_card,12.498632563417567
2,debt_consolidation,12.841099222996812
3,home_improvement,16.447794376849057
4,house,17.27
5,major_purchase,10.426347577957948
6,medical,10.444193548387096
7,moving,9.91
8,other,12.132692111568012
9,small_business,11.280033446281275
10,vacation,12.42
11,wedding,7.9
