,purpose,avg_rate
0,car,13.578268312270453
1,credit_card,12.707812322872662
2,debt_consolidation,12.90611359577041
3,home_improvement,16.453509996015043
4,house,17.27
5,major_purchase,11.797825495635273
6,medical,10.444193548387096
7,moving,9.91
8,other,12.810916194295922
9,small_business,11.674515073880213
10,vacation,12.42
11,wedding,7.9
