,purpose,avg_rate
0,car,14.113037974683545
1,credit_card,12.689103653771005
2,debt_consolidation,12.990526325485424
3,home_improvement,16.354318623369416
4,house,17.27
5,major_purchase,11.919747899159665
6,medical,10.444193548387096
7,moving,9.91
8,other,13.078929503916449
9,small_business,12.665934769947583
10,vacation,12.42
11,wedding,7.9
