,purpose,avg_rate
0,debt_consolidation,12.86431192660551
1,house,17.27
2,car,13.638571428571428
3,medical,10.636666666666665
4,vacation,12.42
5,credit_card,12.142888888888887
6,other,13.26818181818182
7,moving,9.91
8,wedding,7.9
9,small_business,13.323000000000002
10,major_purchase,10.941666666666668
11,home_improvement,15.345999999999998
